﻿County,Region,Cases,Confirmed,Probable,PersonsWithNegativePCR
BRADFORD,NC,1054,978,76,11033
CENTRE,NC,4500,4313,187,38654
CLINTON,NC,312,276,36,5270
COLUMBIA,NC,1121,1079,42,9998
LYCOMING,NC,1064,988,76,16617
MONTOUR,NC,324,300,24,8466
NORTHUMERLAND,NC,1704,1597,107,15135
POTTER,NC,70,66,4,1538
SNYDER,NC,549,470,79,4942
SULLIVAN,NC,22,17,5,858
TIOGA,NC,308,265,43,4876
UNION,NC,770,717,53,17307
CARBON,NE,694,685,9,11744
LACKAWANNA,NE,4031,3799,232,40226
LEHIGH,NE,7290,7168,122,75393
LUZERNE,NE,5948,5691,257,58034
MONROE,NE,2211,2152,59,28052
NORTHAMPTON,NE,5911,5688,233,69134
PIKE,NE,663,630,33,8138
SUSQUEHANNA,NE,450,418,32,5818
WAYNE,NE,308,290,18,8030
WYOMING,NE,213,182,31,3582
CAMERON,NW,14,12,2,550
CLARION,NW,298,216,82,4369
CLEARFIELD,NW,568,460,108,10219
CRAWFORD,NW,687,539,148,11328
ELK,NW,250,211,39,3336
ERIE,NW,2493,2074,419,35674
FOREST,NW,20,16,4,950
JEFFERSON,NW,271,197,74,4531
LAWRENCE,NW,1175,940,235,9951
MCKEAN,NW,184,146,38,5661
MERCER,NW,1302,1094,208,15299
VENANGO,NW,388,288,100,6115
WARREN,NW,82,70,12,4273
