﻿County,Region,Cases,Confirmed,Probable,PersonsWithNegativePCR
ADAMS,SC,1288,1251,37,19521
BEDFORD,SC,581,456,125,5763
BLAIR,SC,1771,1566,205,23135
CUMBERLAND,SC,2745,2556,189,40395
DAUPHIN,SC,5367,5197,170,57931
FRANKLIN,SC,2546,2454,92,25996
FULTON,SC,116,96,20,1647
HUNTINGDON,SC,1172,1066,106,8739
JUNIATA,SC,279,259,20,3030
LEBANON,SC,3503,3359,144,26828
MIFFLIN,SC,562,519,43,8414
PERRY,SC,408,369,39,5627
YORK,SC,7072,6794,278,78705
BERKS,SE,10165,9925,240,67820
BUCKS,SE,11051,10313,738,124465
CHESTER,SE,8641,8275,366,105831
DELWARE,SE,14648,14210,438,138016
LANCASTER,SE,10562,10350,212,101711
MONTGOMERY,SE,15118,14922,196,185711
PHILADELPHIA,SE,42307,41747,560,349257
SCHUYLKILL,SE,2366,2171,195,25272
ALLEGHENEY,SW,15838,15183,1655,220307
ARMSTRONG,SW,897,810,87,9151
BUTLER,SW,2102,1685,417,28823
CAMBRIA,SW,1456,1171,275,28961
FAYETTE,SW,1154,1068,86,19980
GREENE,SW,315,251,64,5443
INDIANA,SW,1391,1145,246,11761
SOMERSET,SW,531,434,97,13073
WASHINGTON,SW,2399,2036,363,31779
WESTMORELAND,SW,4899,4235,665,54137
